{"cameraMode":{"drawMode":0,"name":"Shaded","section":"Shading Mode"},"sceneLighting":true,"audioPlay":false,"sceneViewState":{"m_AlwaysRefresh":false,"showFog":true,"showSkybox":true,"showFlares":true,"showImageEffects":true,"showParticleSystems":true,"showVisualEffectGraphs":true,"m_FxEnabled":true},"in2DMode":false,"pivot":{"x":-5.007378578186035,"y":2.4262890815734865,"z":1.946157455444336},"rotation":{"x":-0.30504027009010317,"y":0.14549234509468079,"z":-0.047298282384872439,"w":-0.9400156140327454},"size":3.1302762031555177,"orthographic":false}