{"cameraMode":{"drawMode":0,"name":"Shaded","section":"Shading Mode"},"sceneLighting":true,"audioPlay":false,"sceneViewState":{"m_AlwaysRefresh":false,"showFog":true,"showSkybox":true,"showFlares":true,"showImageEffects":true,"showParticleSystems":true,"showVisualEffectGraphs":true,"m_FxEnabled":true},"in2DMode":false,"pivot":{"x":-0.15960538387298585,"y":-22.791196823120118,"z":3.8831686973571779},"rotation":{"x":-0.5440849661827087,"y":-0.11401664465665817,"z":0.07485724985599518,"w":-0.8279098272323608},"size":55.82921600341797,"orthographic":false}